Статьи,Lady Anya Dickinson,Ms. Cordia Bahringer,"Ms. Brisa O""Hara",Ms. Hellen Labadie,Princess Kamille Stanton,Lady Oma Pouros,Prof. Melisa Mills,Dr. Darby Huel,Queen Arlie Heathcote,Ms. Margie Steuber,Dr. Aurelie VonRueden,Lady Vincenza Gutkowski,Queen Nannie Rempel,Lady Baby Cummings,Lady Kailey Swaniawski,Mrs. Winnifred Heathcote,Ms. Eden Bogan,Dr. Renee Streich,Dr. Dolores Nienow,Prof. Emma Dare,Mrs. Sierra Hodkiewicz,Dr. Germaine Wilderman,Queen Avis Cummings,Lady Freda Cartwright,Ms. Anissa DuBuque,Ms. Elna Okuneva,Lady Jaida Okuneva,Queen Viola Raynor,Ms. Shaina Cremin,Princess Rylee Ritchie,Queen Marisol Blanda,Dr. Delfina Boyer,Queen Yessenia Hauck,Prof. Meghan Kris,Mrs. Jolie Boyle,Prof. Jewell Lebsack,Prof. Mikayla Hand,Mrs. Mariah Parisian,Ms. Izabella Thompson,Lady Gracie Lockman,Dr. Heath Feest,Prof. Meaghan Leannon,Princess Aimee Flatley,Ms. Laisha Lind,Queen Cathrine Ernser,Dr. Ericka Lehner,Queen Marietta Kassulke,Princess Lexie Kuvalis,Dr. Rahsaan Turner,Prof. Veronica Ruecker,Mrs. Lempi Parker,Prof. Elouise Conn,Ms. Katarina Torp,Dr. Sarai Rempel,Dr. Willie Heaney,Princess Muriel Mohr,Prof. Dannie Schuster,Queen Constance Kuvalis,Ms. Bonnie Haag,Ms. Fleta Moen,Dr. Roselyn Blick,Miss Makayla Howell,Dr. Helen Champlin,Ms. Joana Kilback,Lady Annamae Ward,Miss Anika Labadie,Mrs. Thea Turcotte,Dr. Lenora Abernathy,Prof. Sharon VonRueden,Lady Aliyah Abernathy,Miss Earline Hayes,Lady Adriana Hammes,Queen Kyra Heidenreich,Lady Frederique Schuster,Princess Alberta Rodriguez,Ms. Bryana Herzog,Princess Paige Bode,Princess Justina Grady,Queen Oceane Funk,Lady Pascale Reinger,Dr. Kailey Gleason,Ms. Mozell Boyle,Mrs. Olga McKenzie,"Prof. Oma O""Reilly",Miss Delores Wintheiser,Princess Andreanne Herzog,Queen Yessenia Weimann,Prof. Melisa Hyatt,Mrs. Caroline Mueller,"Lady Dahlia O""Connell",Queen Camilla Denesik,Prof. Rebecca Herman,Miss Maeve Anderson,Queen Trycia Jast,Miss Sophie Reynolds,Miss Myra Ward,Queen Amaya Howell,Dr. Reba Hagenes,Mrs. Emmie Powlowski,Princess Mylene Reichert
Consequatur perferendis sit aut accusantium voluptatem.,3,4,2,0,2,3,3,2,0,1,3,2,3,0,3,1,0,4,0,1,3,4,2,0,2,0,3,1,3,1,2,0,0,2,2,0,0,0,1,3,1,1,4,3,1,1,1,4,3,3,4,3,1,2,3,0,4,0,4,2,3,4,0,3,3,0,1,0,1,1,0,1,4,2,0,0,1,2,3,3,2,3,1,3,2,1,1,3,3,3,4,1,3,3,2,4,2,2,3,3
Voluptatem accusantium aut perferendis consequatur sit.,3,3,1,2,1,2,2,0,3,1,2,1,3,2,2,4,0,1,1,3,1,1,0,3,0,4,2,1,2,2,0,4,0,4,1,2,1,3,0,2,3,2,0,3,2,4,4,4,2,2,0,4,2,3,4,0,2,0,3,4,3,0,3,2,0,0,2,0,1,0,1,2,0,1,3,1,1,1,2,1,1,4,0,4,2,4,0,4,0,4,1,1,3,2,0,0,2,3,4,0
Aut sit consequatur voluptatem accusantium perferendis.,3,0,2,3,1,4,1,2,0,0,1,0,2,4,0,2,1,4,3,0,2,1,3,3,1,2,2,3,1,2,1,3,3,4,4,3,3,0,0,3,2,2,2,2,4,4,1,0,4,2,2,0,1,1,0,4,1,4,1,1,3,4,3,2,1,0,0,1,2,0,1,3,4,0,1,2,1,2,2,2,0,1,3,0,1,3,4,3,2,0,1,2,4,3,4,1,1,1,4,1
Sit voluptatem consequatur perferendis aut accusantium.,2,1,4,0,3,2,2,2,4,2,3,3,0,4,0,1,0,1,2,4,3,2,2,0,0,4,4,3,2,1,0,3,3,0,1,4,1,2,3,4,2,3,2,1,3,3,0,3,3,0,4,3,0,0,0,1,1,3,0,2,2,2,1,0,0,4,1,1,3,4,3,0,4,4,0,0,3,3,2,2,0,3,3,0,3,1,1,1,2,0,0,0,0,1,1,3,4,1,2,4
Perferendis aut voluptatem accusantium sit consequatur.,4,4,2,3,3,4,4,1,3,1,1,1,1,4,0,3,3,1,4,1,3,2,4,1,2,2,0,4,1,4,0,4,1,2,2,1,1,3,4,1,2,4,0,0,4,2,4,2,3,2,2,0,1,2,1,4,3,4,2,2,4,0,3,2,3,4,2,0,2,3,1,0,3,2,0,2,0,3,3,3,4,3,2,2,3,4,1,0,4,1,2,0,0,3,0,3,2,4,3,4
Sit voluptatem consequatur aut accusantium perferendis.,4,3,2,2,4,0,1,0,2,3,4,2,4,0,3,4,2,3,0,1,3,0,3,4,3,4,1,3,4,1,2,3,3,0,2,4,4,4,0,1,0,0,4,1,3,3,1,2,3,2,0,3,4,0,3,1,2,2,3,2,0,2,3,3,4,0,2,4,0,3,3,1,0,1,3,0,1,4,2,0,3,4,1,1,4,4,0,1,4,0,1,2,4,1,4,2,0,0,0,1
Consequatur perferendis accusantium voluptatem sit aut.,2,2,4,0,3,1,4,2,4,4,2,0,0,3,3,2,4,1,3,4,3,3,4,1,3,2,2,3,2,4,4,3,2,1,4,1,4,2,2,4,1,3,0,1,2,1,2,3,4,3,1,3,0,1,3,4,1,3,4,2,0,3,2,4,0,2,1,0,4,1,4,2,2,0,4,0,0,1,3,3,3,4,4,4,4,4,4,2,3,2,0,1,4,0,2,4,2,1,1,4
Consequatur accusantium sit aut voluptatem perferendis.,3,0,0,0,1,4,1,3,1,0,0,3,4,4,0,3,3,4,4,4,1,2,2,4,4,0,2,3,3,1,3,0,3,4,1,0,4,0,4,4,4,4,3,0,3,3,1,1,2,3,3,3,4,3,2,0,1,4,1,0,4,1,1,0,0,1,3,0,4,2,1,0,2,3,0,4,3,2,4,2,3,0,2,0,1,1,4,0,0,4,2,4,2,3,1,0,1,4,2,1
Accusantium voluptatem aut sit consequatur perferendis.,2,0,4,4,2,4,3,2,2,2,4,3,3,2,2,0,1,0,0,1,1,1,1,3,4,4,2,3,4,1,1,2,4,2,0,2,0,0,0,1,0,0,2,1,2,2,2,0,0,1,2,1,1,0,1,1,4,2,1,2,3,1,4,2,1,3,3,2,4,0,4,4,1,0,4,4,3,1,2,1,3,3,3,4,0,2,0,4,1,4,4,4,2,3,4,1,2,1,0,2
Aut consequatur sit voluptatem accusantium perferendis.,3,1,3,2,1,1,0,3,3,0,3,1,3,3,0,2,0,1,1,0,0,1,1,4,1,0,0,2,1,3,3,4,2,2,2,0,1,2,1,0,2,2,1,2,4,0,2,4,4,2,4,1,4,4,2,4,1,0,0,1,3,0,3,4,0,0,4,0,4,4,4,3,1,2,2,1,4,2,1,2,2,1,1,1,1,1,4,2,4,2,2,2,0,2,0,2,4,4,0,3
Accusantium aut sit voluptatem perferendis consequatur.,2,0,1,0,3,3,4,1,4,2,4,2,0,0,2,1,2,1,2,2,2,4,1,4,0,4,2,1,4,1,3,3,3,4,3,4,1,3,0,4,3,4,0,0,3,4,0,2,0,0,2,4,2,4,4,2,0,3,4,2,2,1,4,3,4,2,3,0,1,4,2,1,1,4,0,3,0,4,1,3,4,2,1,0,3,2,3,3,3,4,2,3,2,0,1,3,4,4,0,3
Perferendis sit voluptatem aut accusantium consequatur.,2,2,1,0,1,4,4,1,2,0,0,4,4,2,2,0,0,1,0,1,3,3,2,1,1,4,3,4,2,4,3,4,1,4,0,1,1,1,2,3,0,1,2,3,3,3,2,4,4,3,0,1,4,4,3,1,3,0,3,1,1,2,3,2,2,3,2,4,0,2,4,0,4,1,3,3,1,0,2,0,0,3,1,1,1,0,1,1,3,2,4,1,1,1,3,3,4,3,2,2
Consequatur accusantium voluptatem aut sit perferendis.,3,1,3,1,1,4,3,2,4,2,3,1,2,2,0,3,3,2,2,4,2,4,2,3,0,2,0,1,4,1,4,0,4,2,1,2,0,1,0,2,3,0,2,3,3,1,1,3,1,1,4,4,1,2,4,0,1,4,1,4,4,2,3,3,3,0,2,1,0,2,1,2,2,3,2,0,1,2,1,1,3,1,4,1,3,4,4,0,3,3,1,3,4,1,3,1,1,3,2,4
Consequatur accusantium sit aut voluptatem perferendis.,3,2,3,2,0,1,1,1,0,2,0,2,0,1,4,2,0,1,2,4,4,3,0,1,1,3,4,1,0,0,3,3,3,2,2,2,1,0,2,2,1,3,1,4,1,0,1,2,0,3,0,0,2,1,0,3,3,2,0,4,2,2,2,4,0,4,3,0,2,3,4,2,0,2,3,2,3,4,0,1,0,3,1,0,2,3,2,2,3,4,4,3,0,4,4,2,1,1,4,1
Sit perferendis aut consequatur accusantium voluptatem.,0,0,0,4,1,1,0,4,2,3,1,0,0,4,4,0,1,2,2,0,4,3,0,3,2,4,1,2,0,2,1,4,1,3,0,3,0,0,0,4,4,0,4,1,2,4,0,4,0,3,3,4,3,4,1,3,3,3,2,0,1,0,1,4,0,3,3,1,0,1,3,1,0,4,1,2,3,1,3,0,2,3,3,4,2,4,3,0,3,2,3,0,4,4,3,1,3,2,4,3
Consequatur sit perferendis aut voluptatem accusantium.,1,3,4,3,4,1,4,0,1,3,4,4,3,4,4,1,4,3,2,0,4,2,1,4,3,2,0,2,2,2,3,3,2,1,2,2,4,4,2,1,4,0,4,4,0,3,3,2,0,0,2,3,3,0,1,1,0,0,1,1,2,0,2,3,1,0,3,1,4,1,4,0,1,3,4,2,1,4,1,0,0,0,3,2,0,4,4,4,0,3,2,0,3,0,0,0,0,3,1,0
Accusantium voluptatem sit perferendis aut consequatur.,1,3,2,0,0,0,2,1,4,2,2,3,2,0,1,3,3,2,4,2,3,2,2,4,1,1,4,2,4,1,3,3,4,2,3,2,2,0,2,1,2,0,0,3,1,2,4,1,2,1,0,0,3,0,2,2,0,1,0,1,2,2,2,4,2,4,1,4,1,0,4,4,3,3,3,4,0,4,4,4,4,0,3,4,4,1,2,4,4,2,4,2,0,2,2,0,0,0,0,1
Perferendis accusantium consequatur aut sit voluptatem.,4,1,0,1,4,3,4,4,2,1,3,1,3,4,4,2,2,3,1,4,4,0,0,1,3,1,0,4,2,0,4,1,4,0,1,0,3,0,0,2,2,2,3,0,0,3,0,2,3,1,0,4,3,0,0,3,2,3,1,0,0,1,1,2,1,2,1,1,3,2,1,3,3,1,3,4,0,0,3,1,4,2,2,2,1,1,2,4,0,2,0,0,3,3,0,4,4,2,1,1
Voluptatem sit accusantium aut perferendis consequatur.,4,2,2,0,3,0,4,2,1,2,2,1,3,3,2,4,2,1,4,2,0,0,3,1,2,3,1,0,0,0,4,3,3,2,4,2,1,0,3,0,1,0,4,0,2,3,0,3,3,4,0,4,1,4,0,0,3,1,1,1,2,2,1,0,0,0,2,4,4,4,1,1,2,4,0,0,4,1,0,4,1,4,2,4,1,0,3,4,0,3,0,3,1,0,0,0,4,0,2,4
Sit consequatur accusantium voluptatem perferendis aut.,4,3,4,0,3,3,3,2,1,0,2,3,4,1,3,3,0,3,0,0,0,1,0,2,3,0,2,4,1,3,3,2,4,3,1,0,4,2,0,4,1,0,4,0,1,3,2,4,4,2,3,3,4,3,2,3,0,2,3,2,0,4,3,4,2,0,2,2,3,2,1,3,0,3,4,2,2,0,3,1,2,0,4,3,1,3,3,4,2,4,4,3,0,3,2,3,1,4,0,3
Perferendis accusantium sit consequatur aut voluptatem.,3,3,4,2,2,4,3,4,0,1,1,2,3,0,1,0,0,1,3,0,1,4,3,3,4,2,3,0,2,3,1,0,1,3,0,1,4,4,4,4,2,3,0,1,0,3,0,0,2,2,2,1,0,1,3,0,1,0,3,3,3,1,0,0,4,2,3,2,4,0,4,3,2,3,4,2,2,2,3,4,4,3,1,1,2,4,0,0,4,0,0,4,2,4,0,1,3,1,3,1
Voluptatem accusantium consequatur sit aut perferendis.,0,1,1,2,0,0,3,3,3,0,4,2,2,2,3,0,4,3,3,4,4,2,3,4,0,1,1,2,4,2,3,4,1,4,4,0,0,1,0,4,1,4,1,0,0,0,3,1,0,4,2,3,3,2,2,3,4,3,4,4,2,3,4,1,3,4,1,2,3,2,3,3,2,0,1,3,1,3,4,4,1,0,3,1,4,3,3,1,0,0,0,3,2,0,3,1,1,3,1,0
Voluptatem perferendis sit accusantium consequatur aut.,4,2,0,0,0,2,3,3,0,4,0,0,2,4,3,1,0,3,2,0,2,1,0,1,0,3,0,3,3,2,3,0,0,2,2,3,1,0,1,3,4,1,4,4,3,2,1,4,4,2,4,4,4,2,4,1,0,3,1,1,2,0,1,1,2,1,0,2,3,0,4,4,0,0,0,3,3,4,0,4,3,3,0,2,3,4,4,3,0,4,2,0,1,1,4,3,1,3,0,3
Sit voluptatem perferendis aut consequatur accusantium.,4,0,0,2,3,2,4,0,4,1,1,3,0,1,0,2,3,3,1,4,4,1,2,1,2,1,3,3,0,1,1,3,4,1,3,0,2,1,3,0,0,3,2,2,3,2,2,1,4,0,4,4,3,4,0,2,4,0,3,4,2,0,1,0,2,0,1,2,0,1,0,1,0,3,3,4,2,2,0,1,4,4,1,2,3,1,4,2,0,3,1,1,2,1,3,1,2,0,2,4
Consequatur sit accusantium aut perferendis voluptatem.,0,0,1,2,4,4,3,3,3,3,1,4,1,0,1,2,0,0,1,1,2,0,0,1,4,0,4,3,0,4,4,4,2,0,4,2,2,4,3,2,0,0,2,1,1,0,0,2,1,3,3,4,3,4,0,1,0,4,2,4,1,3,3,4,4,3,3,2,0,2,4,3,0,1,2,0,4,2,4,1,4,1,4,4,3,0,3,0,3,3,4,0,3,3,2,2,2,3,4,1
Accusantium consequatur voluptatem aut perferendis sit.,3,3,0,3,2,2,4,3,1,3,2,4,2,3,1,0,1,1,1,3,0,3,2,1,4,1,4,0,0,1,0,0,3,4,1,4,2,0,3,2,1,0,3,0,4,0,1,1,3,0,2,3,0,3,0,2,4,1,2,0,1,0,0,4,2,0,3,1,0,1,3,2,1,4,4,3,1,4,0,4,0,1,1,0,4,3,0,3,0,3,2,0,0,4,1,4,0,3,2,3
Accusantium voluptatem aut sit consequatur perferendis.,4,0,2,0,3,2,1,3,4,2,4,1,4,1,2,2,1,2,2,1,4,3,2,1,2,1,4,1,2,0,3,2,2,2,2,0,0,1,1,3,2,0,2,1,1,4,0,0,0,4,4,1,0,2,4,3,0,2,4,4,3,3,4,4,3,3,0,3,3,0,0,3,2,1,0,2,4,3,2,0,3,3,1,0,1,2,0,2,0,1,1,1,1,2,2,0,4,2,4,2
Aut accusantium perferendis consequatur voluptatem sit.,4,2,1,0,2,2,1,1,4,3,4,1,2,0,0,3,1,3,4,4,0,4,1,2,2,3,0,0,0,1,1,2,3,3,0,2,3,2,0,1,1,0,3,4,1,1,2,0,4,3,0,2,3,2,0,2,4,3,3,4,2,0,3,4,1,4,3,1,1,1,0,4,3,2,3,1,3,3,3,3,3,2,3,1,4,4,2,2,3,0,4,2,2,0,0,3,4,0,4,1
Consequatur sit perferendis aut accusantium voluptatem.,3,1,4,4,3,4,4,1,2,3,3,3,0,2,0,4,1,4,3,1,3,1,3,2,2,4,0,3,3,2,0,0,4,1,3,3,2,2,3,1,1,2,0,2,0,4,4,4,0,1,1,4,4,2,0,0,0,0,4,4,0,1,2,3,0,2,0,3,2,4,0,4,4,1,4,1,3,4,4,2,0,4,0,4,0,2,1,2,3,4,4,0,3,4,2,4,0,2,3,3
Aut perferendis voluptatem sit accusantium consequatur.,0,3,3,2,3,4,2,4,2,1,0,4,0,3,1,4,0,4,3,0,4,1,3,3,0,4,2,1,0,2,4,2,3,1,4,1,2,2,1,2,1,3,0,0,1,2,1,2,1,1,3,3,0,1,2,3,3,2,1,0,2,3,4,3,3,4,3,4,3,1,3,4,4,1,0,3,2,3,1,2,4,2,0,1,3,3,2,2,2,3,0,0,2,4,2,1,3,0,4,3
Consequatur accusantium voluptatem aut perferendis sit.,4,0,2,3,0,0,4,1,0,4,1,2,1,0,1,4,3,2,0,4,1,3,3,0,2,0,4,4,2,2,0,0,4,2,0,0,0,3,3,2,2,2,1,0,0,3,4,0,1,2,4,2,3,1,2,0,4,3,3,2,4,4,3,2,2,2,0,4,1,2,1,4,0,1,3,0,3,2,0,2,4,1,3,0,3,1,1,4,2,3,4,3,3,3,4,2,2,2,0,3
Accusantium voluptatem consequatur perferendis sit aut.,2,1,4,2,4,0,0,4,3,4,1,0,4,2,3,3,2,2,1,2,4,3,4,3,2,2,1,2,1,3,3,4,1,2,2,0,1,3,4,1,4,4,1,4,2,4,3,3,1,1,0,0,4,4,3,1,1,2,0,1,0,4,2,1,4,0,4,4,0,2,1,0,4,4,0,0,1,2,4,0,3,2,4,2,1,3,0,2,1,1,0,4,0,4,4,4,3,3,4,4
Aut sit consequatur perferendis accusantium voluptatem.,0,3,4,2,0,2,2,3,4,0,2,2,1,0,1,4,3,0,4,3,3,0,1,2,0,3,4,1,1,0,3,0,3,3,2,3,3,4,4,2,4,0,3,3,1,1,4,0,3,1,2,2,1,2,0,1,0,4,2,4,4,2,4,2,2,2,0,3,2,4,0,3,3,4,1,2,0,3,3,4,4,2,2,1,0,0,3,2,2,1,0,4,1,3,1,1,4,0,4,0
Voluptatem accusantium consequatur aut perferendis sit.,1,4,4,4,3,4,1,2,3,4,0,1,2,4,3,0,4,0,4,3,1,2,0,1,0,3,2,2,0,3,2,3,1,4,1,1,3,4,0,0,4,3,0,0,4,3,3,0,2,4,4,1,0,2,1,0,3,4,3,0,4,4,0,1,2,2,0,1,4,0,3,3,2,2,3,1,1,2,2,0,2,2,1,1,3,0,1,4,3,1,4,0,3,4,3,3,0,2,0,4
Voluptatem perferendis sit aut accusantium consequatur.,3,4,3,3,4,3,3,0,1,1,2,3,1,3,0,3,2,0,0,0,2,4,2,4,0,4,2,3,0,2,0,0,1,1,4,1,3,4,1,1,2,1,2,0,0,4,0,4,0,3,1,4,0,3,3,2,1,2,2,4,2,1,4,0,0,4,1,2,0,0,4,2,1,3,3,1,4,2,1,1,2,1,4,2,1,2,4,4,0,1,2,1,1,1,3,4,1,2,3,2
Perferendis voluptatem aut sit accusantium consequatur.,2,1,2,3,4,2,2,2,2,4,2,2,4,1,2,1,1,4,2,2,4,2,1,2,1,2,2,2,0,4,4,3,4,2,3,0,1,4,1,0,1,1,3,0,0,2,3,3,0,1,4,1,2,1,0,0,4,1,3,3,3,1,4,3,2,4,1,0,4,0,3,3,2,2,1,3,3,3,4,1,0,1,2,2,1,3,3,0,0,1,1,3,4,4,1,3,2,3,0,4
Perferendis sit aut consequatur accusantium voluptatem.,3,4,1,3,1,3,2,0,1,1,4,2,0,4,2,2,4,0,0,1,3,0,3,2,1,3,3,2,0,4,1,3,2,3,3,0,3,2,4,4,0,0,1,1,1,2,4,3,1,2,2,3,4,3,3,0,4,0,2,4,2,0,1,1,3,2,2,2,4,3,4,4,1,0,0,1,0,0,2,1,4,0,1,3,2,3,3,2,4,3,2,3,2,3,3,1,2,1,3,1
Perferendis sit voluptatem consequatur accusantium aut.,2,4,4,2,4,3,1,1,0,3,4,3,2,0,0,1,0,1,0,1,2,3,1,3,4,1,3,3,0,2,2,2,1,3,1,3,1,3,4,4,1,4,2,1,0,1,4,2,0,1,1,1,1,1,4,1,1,4,2,4,3,3,4,0,4,4,3,4,1,4,4,3,0,2,2,2,3,1,0,1,1,4,0,0,0,3,4,0,0,1,1,4,0,4,4,0,4,3,1,2
Consequatur sit voluptatem accusantium perferendis aut.,1,1,3,3,1,0,3,0,0,0,3,1,3,4,0,3,0,0,4,1,4,4,2,0,4,3,0,0,1,0,0,1,3,0,0,3,1,0,2,0,4,1,4,4,3,1,0,0,1,1,4,2,4,1,1,1,1,1,0,0,3,2,0,2,2,1,4,1,2,1,3,3,4,4,4,4,3,1,1,3,1,3,3,0,3,0,0,1,0,4,4,3,2,3,2,3,3,1,2,1
Perferendis consequatur accusantium voluptatem aut sit.,3,4,0,3,3,2,1,0,4,3,4,4,0,4,4,2,0,2,3,4,2,0,0,3,3,3,2,4,4,0,2,0,0,4,2,3,4,3,2,0,2,0,1,0,3,3,0,4,0,2,1,3,1,4,3,0,3,2,4,3,2,1,3,1,0,3,4,3,0,3,2,3,3,2,2,4,0,0,2,0,4,1,1,2,1,1,1,2,0,4,0,1,2,3,0,1,4,0,3,1
Sit perferendis accusantium voluptatem consequatur aut.,3,4,2,2,1,1,4,4,2,2,4,0,2,2,0,4,2,3,1,3,3,3,1,4,3,1,3,2,2,3,3,0,1,1,1,2,3,1,1,1,2,0,2,2,4,2,0,2,3,0,2,0,0,4,4,3,3,1,0,4,1,4,3,0,3,0,0,3,3,1,1,4,4,0,1,1,0,2,2,0,3,4,4,4,0,0,3,4,1,4,3,3,3,1,3,3,1,1,4,3
Voluptatem consequatur perferendis accusantium sit aut.,2,2,2,2,4,4,3,2,4,3,1,2,2,1,4,2,0,2,4,2,3,3,3,1,1,1,4,2,3,0,4,4,4,2,4,0,3,4,1,0,0,0,4,4,4,0,0,1,0,2,1,4,0,0,4,1,1,2,2,2,3,2,2,3,1,3,3,3,2,0,2,1,1,0,4,0,4,3,0,4,4,3,3,2,3,2,2,4,3,3,1,2,3,1,0,0,0,0,3,3
Aut voluptatem consequatur accusantium perferendis sit.,1,0,0,1,4,1,1,2,3,3,1,3,3,2,1,3,1,0,3,3,1,3,0,2,4,2,1,3,1,2,4,3,2,3,1,1,0,3,1,1,4,4,0,3,0,3,3,0,1,4,1,3,3,1,4,2,2,3,4,2,1,0,4,4,3,2,0,2,2,1,1,2,0,2,2,2,3,3,3,3,4,3,4,4,1,2,4,1,1,1,1,4,1,2,3,1,4,1,2,1
Aut perferendis voluptatem sit consequatur accusantium.,3,1,2,0,2,0,4,1,3,0,1,1,1,1,2,4,2,4,3,0,2,1,3,0,4,3,3,1,2,4,2,1,2,4,3,1,2,1,4,2,4,0,4,0,4,3,4,3,1,3,3,3,4,0,4,0,2,2,3,1,2,1,3,4,2,1,0,4,3,3,4,1,2,3,3,3,4,0,2,4,2,2,3,4,3,0,0,3,2,3,2,1,0,3,1,3,2,0,1,2
Accusantium perferendis aut voluptatem consequatur sit.,4,0,0,0,0,1,0,3,2,2,2,3,3,4,3,4,2,4,4,3,2,3,2,3,2,1,1,0,0,1,2,4,2,3,4,1,1,2,4,2,3,2,3,3,2,3,2,4,3,1,0,0,3,2,0,4,4,4,4,1,1,2,1,3,3,1,4,0,3,1,4,3,0,0,2,3,3,2,1,0,2,2,2,4,1,2,0,3,4,2,2,1,1,1,0,2,2,0,0,1
Sit perferendis voluptatem accusantium consequatur aut.,1,3,2,0,4,1,4,2,0,3,2,4,0,2,1,4,3,2,3,4,4,1,2,2,2,4,0,4,4,2,2,2,0,0,2,0,1,2,2,2,2,1,0,2,3,0,3,1,2,0,3,2,4,0,0,0,2,4,1,1,0,1,2,1,1,3,2,0,0,3,3,0,1,2,1,2,0,2,0,3,0,1,4,2,1,3,2,3,2,1,3,1,1,0,4,4,4,4,1,0
Perferendis aut accusantium voluptatem consequatur sit.,1,2,3,1,1,1,3,3,2,0,1,1,1,4,4,2,2,4,4,2,0,3,4,1,3,3,0,0,1,4,4,1,0,1,1,0,4,0,4,3,2,0,0,3,3,1,1,3,1,3,0,4,3,0,4,4,2,2,0,3,4,3,1,0,0,2,4,2,3,3,0,4,2,0,3,1,1,2,2,0,3,0,0,0,3,1,2,4,1,2,4,0,0,2,2,4,0,2,4,2
Accusantium consequatur aut sit voluptatem perferendis.,1,1,4,1,0,2,2,2,3,1,0,1,2,1,2,0,4,1,2,2,0,3,3,0,2,4,4,1,0,4,0,3,0,2,2,4,3,4,0,1,3,2,3,3,3,1,3,0,1,4,4,2,3,4,0,3,4,4,3,2,0,3,1,1,1,0,1,3,1,0,1,2,4,0,1,4,0,2,3,1,2,1,3,3,0,1,2,1,4,4,0,3,3,2,0,3,2,4,1,0
Accusantium perferendis consequatur voluptatem aut sit.,3,2,3,0,4,4,4,3,1,4,4,2,3,0,4,0,0,1,3,3,3,1,1,2,4,2,1,1,3,4,2,3,0,4,4,3,0,3,1,4,0,3,1,1,3,2,1,2,2,0,2,3,3,3,1,3,1,3,4,2,2,2,1,1,0,0,3,3,2,0,1,0,4,1,1,2,0,2,0,1,1,4,2,4,4,0,4,1,3,1,3,2,4,1,1,0,4,2,2,4
Voluptatem aut perferendis sit accusantium consequatur.,2,1,3,3,3,3,4,4,3,1,0,1,0,1,3,3,3,4,2,3,4,1,0,4,0,3,0,4,1,1,4,0,1,3,1,0,2,2,4,3,4,4,1,0,3,2,0,2,1,1,4,2,1,3,4,4,4,2,1,1,4,2,4,3,4,1,4,0,3,3,2,1,1,3,0,3,1,2,0,2,2,2,2,1,1,1,2,1,4,0,1,3,2,3,1,2,1,4,3,2
Sit consequatur aut voluptatem accusantium perferendis.,1,1,0,0,1,1,4,1,1,0,0,3,4,0,1,0,2,0,2,1,4,4,4,4,4,2,0,0,3,1,3,0,1,4,0,4,2,0,0,3,4,1,1,0,0,4,2,0,2,1,2,3,2,4,0,2,0,0,3,2,3,0,4,4,3,0,3,3,2,4,2,2,1,4,3,3,1,4,3,2,1,1,2,4,1,1,1,3,4,3,3,1,0,1,1,0,2,2,1,2
Aut sit accusantium perferendis consequatur voluptatem.,3,3,3,0,3,1,1,0,4,3,3,3,3,0,0,3,1,1,2,2,0,3,2,1,0,4,0,3,1,1,3,2,2,4,4,3,4,4,0,4,4,4,1,0,0,2,4,0,4,0,0,3,1,1,3,2,2,0,4,0,4,0,1,2,2,3,4,4,2,4,4,1,3,2,4,0,3,3,3,1,4,2,4,1,0,1,2,4,2,0,3,0,2,3,2,3,1,4,0,1
Perferendis accusantium aut voluptatem consequatur sit.,0,2,3,1,1,4,0,3,4,0,1,0,4,3,3,4,1,4,0,3,3,2,0,2,1,2,2,1,4,0,0,2,4,0,2,2,3,4,2,2,3,4,1,3,2,0,2,4,1,2,0,4,0,4,3,4,2,1,0,3,1,1,1,4,3,0,1,1,2,2,1,3,0,0,4,1,0,2,3,1,3,0,3,3,0,2,0,1,1,3,1,2,0,2,1,2,1,3,2,2
Accusantium voluptatem consequatur aut sit perferendis.,0,3,3,4,3,0,1,2,0,2,2,3,3,4,0,1,1,2,2,2,4,1,1,4,0,2,2,3,2,3,3,0,4,4,1,1,4,0,3,4,0,0,3,3,1,4,0,4,3,4,2,1,0,4,1,0,3,3,1,4,3,0,3,2,0,1,4,2,1,3,4,2,3,4,3,4,2,2,0,0,3,1,3,1,2,2,4,0,0,4,2,0,0,4,1,2,2,1,4,3
Perferendis sit accusantium voluptatem aut consequatur.,0,4,1,0,2,0,2,2,0,0,4,4,0,3,3,0,4,4,1,4,1,0,2,0,2,2,4,2,3,3,3,1,2,0,2,1,4,4,1,0,4,3,2,4,0,1,2,4,4,0,1,4,4,3,4,3,4,2,4,1,3,0,1,2,1,4,1,4,3,4,0,0,3,0,1,0,3,3,1,0,4,1,3,1,0,0,2,4,1,0,1,4,4,0,4,0,4,2,2,4
Voluptatem accusantium consequatur aut perferendis sit.,0,0,1,0,1,4,2,2,4,4,4,3,0,3,1,4,2,4,3,3,1,0,3,1,0,4,0,3,0,2,3,1,2,1,0,3,2,3,2,2,1,4,0,4,3,1,4,3,0,2,3,2,1,0,0,4,2,0,2,3,2,2,4,2,4,4,1,1,0,3,4,1,3,4,0,1,0,2,4,0,3,3,2,1,0,4,3,3,4,4,4,3,3,4,2,1,1,2,0,4
Consequatur sit perferendis aut accusantium voluptatem.,1,1,2,4,2,2,1,2,2,4,3,0,3,4,3,2,0,2,2,0,4,2,2,0,4,0,1,3,2,4,2,0,3,0,3,2,1,0,2,0,3,2,3,2,3,3,0,0,2,3,3,1,1,3,3,2,2,2,1,1,0,0,3,2,1,3,2,4,2,3,1,0,4,1,2,4,4,2,3,4,3,1,0,2,3,4,2,4,1,3,3,0,3,2,1,2,1,1,0,2
Accusantium perferendis consequatur sit voluptatem aut.,3,2,1,2,4,1,2,0,2,4,2,2,3,2,1,4,0,0,2,1,0,2,0,3,3,4,2,2,2,2,0,0,2,0,4,3,4,4,2,3,1,2,2,2,2,3,4,0,0,0,3,1,2,1,2,4,3,0,1,0,2,4,3,3,2,0,0,3,1,2,1,0,2,0,0,1,4,0,1,2,4,3,4,3,2,1,1,0,3,4,3,4,4,4,1,2,4,4,0,4
Consequatur voluptatem sit accusantium perferendis aut.,2,0,1,4,0,2,4,2,3,0,4,4,4,2,2,4,2,4,1,1,4,3,2,1,1,1,4,0,4,4,4,1,3,4,1,3,3,4,1,2,3,4,1,3,2,1,2,3,2,1,1,3,1,2,3,0,3,1,0,3,0,2,3,1,2,4,2,3,2,3,3,3,0,3,0,0,4,4,3,3,0,3,1,4,4,4,3,4,0,4,2,4,0,2,4,1,0,0,2,3
Aut consequatur voluptatem perferendis sit accusantium.,1,3,2,1,1,0,3,4,2,1,1,2,3,2,1,1,1,2,1,3,4,3,0,4,1,3,0,2,3,3,2,2,0,4,1,1,2,0,1,1,1,1,4,2,0,4,3,0,1,0,2,0,0,4,0,4,4,3,2,3,0,0,4,2,3,0,3,1,0,0,4,1,4,0,4,2,1,0,3,0,1,0,1,4,4,4,4,0,0,3,2,0,0,4,2,0,4,0,4,3
Aut perferendis sit voluptatem accusantium consequatur.,2,0,1,2,1,2,1,2,2,2,2,4,1,3,1,0,4,1,0,2,0,0,2,4,3,1,1,3,2,1,3,4,0,1,2,4,2,0,2,0,3,0,4,0,1,0,2,1,1,3,2,3,3,3,3,4,0,1,0,0,0,3,3,2,3,4,2,1,3,0,2,4,3,0,4,4,1,3,0,0,3,4,3,3,4,2,4,4,3,0,1,1,3,3,4,3,1,3,3,0
Accusantium aut perferendis consequatur voluptatem sit.,1,3,2,3,3,0,4,2,4,2,2,3,4,2,2,0,2,2,2,4,3,3,3,4,3,0,1,2,0,4,4,1,3,2,2,0,1,0,3,1,2,2,3,3,4,2,2,2,1,4,3,2,0,1,2,4,4,4,1,0,0,0,0,4,1,2,1,1,1,0,0,4,3,4,1,4,4,0,4,2,1,2,2,3,0,4,2,4,1,0,3,1,4,2,4,1,1,2,4,1
Perferendis aut accusantium sit voluptatem consequatur.,3,3,4,3,1,1,1,3,0,0,0,3,1,3,3,1,4,4,1,3,0,2,3,2,4,2,2,2,2,1,0,1,1,4,3,1,2,3,2,1,1,4,4,2,3,1,2,0,1,2,4,3,0,1,1,3,4,2,2,3,0,4,3,4,2,2,2,0,3,3,2,3,3,1,0,1,1,4,2,0,1,4,3,2,3,0,4,0,2,0,1,1,3,0,4,0,3,1,2,1
Sit perferendis voluptatem accusantium aut consequatur.,2,3,4,4,2,0,4,3,1,1,0,3,1,3,3,2,2,0,2,3,3,3,3,2,4,3,2,3,4,1,4,4,2,3,1,2,1,4,1,4,1,4,3,3,0,1,4,3,4,4,3,2,1,4,1,3,0,4,1,2,2,2,2,1,4,2,4,4,3,2,4,0,1,3,4,3,3,0,2,4,2,4,0,3,1,0,0,2,0,3,3,1,3,0,1,2,4,4,1,3
Aut consequatur sit voluptatem accusantium perferendis.,1,4,1,3,2,1,2,1,1,3,2,1,4,4,2,1,4,3,4,3,2,1,1,0,3,4,2,3,0,1,0,4,1,0,3,0,4,1,3,4,3,2,1,1,0,1,3,2,4,2,0,4,1,0,1,1,0,3,3,3,2,4,1,4,0,0,1,1,1,4,1,3,2,1,2,4,2,2,2,3,3,1,3,4,2,0,2,4,2,2,0,1,2,1,2,4,4,4,4,2
Consequatur voluptatem aut sit perferendis accusantium.,0,1,4,3,4,3,2,1,2,1,4,3,4,0,3,2,4,0,1,2,2,3,3,3,3,4,2,2,4,1,4,1,2,0,4,1,2,1,1,3,4,0,2,0,3,2,0,1,2,2,4,0,1,4,0,2,0,0,2,0,0,4,2,0,4,1,1,2,0,0,0,3,2,3,4,4,4,1,3,0,0,3,3,2,4,2,0,0,0,3,2,4,4,0,4,0,3,3,3,2
Perferendis accusantium voluptatem consequatur sit aut.,0,2,3,0,1,3,3,0,3,3,4,3,4,2,4,0,0,3,2,3,3,1,4,4,0,1,2,4,3,4,4,4,0,3,2,4,3,2,4,1,1,2,1,3,3,1,4,0,1,3,3,1,4,2,1,2,4,0,1,4,1,0,0,1,2,1,3,3,3,4,2,0,0,0,0,1,1,0,0,1,2,3,0,3,0,1,4,0,1,2,3,3,1,1,0,4,3,1,1,1
Aut sit voluptatem accusantium perferendis consequatur.,1,2,2,2,4,0,1,1,1,1,2,3,2,4,4,0,3,3,2,3,0,1,0,4,4,0,0,2,2,0,4,4,1,1,3,4,0,1,3,0,4,0,2,3,1,1,3,1,3,0,1,1,3,3,4,2,1,0,4,2,2,4,2,4,2,0,3,2,1,2,4,1,4,3,4,1,0,1,2,1,3,3,2,1,1,0,4,1,0,3,4,1,2,0,4,1,4,3,3,2
Voluptatem sit perferendis consequatur accusantium aut.,0,4,3,1,3,3,3,2,2,4,2,3,1,3,0,3,3,0,0,2,1,3,1,3,1,0,3,2,4,4,0,3,3,4,2,4,2,2,4,2,2,1,2,4,1,1,2,3,1,1,4,2,4,2,4,0,1,4,3,1,4,3,2,1,2,4,4,4,1,1,2,2,2,2,2,1,1,4,1,4,1,0,1,2,0,3,0,1,2,1,2,1,3,3,3,4,4,4,3,1
Perferendis voluptatem accusantium sit consequatur aut.,4,0,0,0,1,2,0,2,0,2,3,2,1,2,2,4,0,3,4,3,3,0,0,2,2,4,0,2,1,4,0,2,4,0,4,4,4,3,2,2,2,1,2,1,4,2,2,2,3,0,0,1,4,4,3,4,4,0,1,3,2,4,3,0,0,0,1,3,2,0,3,2,1,2,1,2,4,4,3,0,0,2,2,0,3,0,3,4,2,0,3,0,1,0,0,0,3,2,2,0
Accusantium perferendis sit consequatur voluptatem aut.,0,3,2,0,3,2,1,1,3,3,2,1,1,3,2,0,2,3,2,0,2,1,4,2,1,2,2,1,3,3,3,0,1,0,4,4,3,3,0,0,0,4,2,0,2,0,3,2,3,1,3,3,4,1,0,3,4,2,4,2,1,3,0,2,4,1,1,4,3,0,2,3,4,3,3,1,2,0,2,1,1,4,3,1,2,3,1,4,4,3,2,3,4,1,4,3,3,2,3,3
Consequatur aut voluptatem accusantium sit perferendis.,1,1,3,4,2,2,2,2,2,4,1,1,3,0,3,1,1,3,2,1,3,4,3,0,0,0,0,3,0,1,2,1,3,3,1,2,0,4,0,3,2,2,0,2,4,3,3,3,1,0,1,2,1,4,4,4,0,4,4,4,3,0,3,3,3,2,4,1,3,2,4,0,4,1,3,1,0,4,0,4,1,0,4,3,3,0,0,3,0,3,2,4,2,4,3,0,1,4,4,0
Aut accusantium consequatur voluptatem perferendis sit.,2,2,1,3,1,2,2,1,2,3,4,3,1,0,1,2,1,1,2,1,2,3,3,3,1,1,2,2,2,1,4,4,0,4,3,3,0,0,4,1,4,0,2,4,1,0,3,4,0,2,0,1,1,1,2,1,4,4,2,0,1,0,3,4,1,2,1,3,1,4,1,4,1,3,4,2,0,2,2,1,2,4,0,3,3,3,1,2,0,4,4,4,4,4,3,1,0,1,3,0
Perferendis aut consequatur sit accusantium voluptatem.,3,1,0,1,2,4,4,1,1,0,2,2,2,3,1,0,4,2,4,3,2,0,2,3,3,2,0,0,2,4,1,4,2,3,3,2,2,1,2,4,2,2,4,4,1,3,1,2,2,1,1,3,4,1,3,4,2,4,4,2,0,0,0,4,1,4,3,1,0,2,3,1,4,4,1,1,4,3,1,4,3,2,0,1,2,3,3,1,4,1,4,4,1,0,2,0,3,2,1,0
Consequatur voluptatem perferendis sit aut accusantium.,1,2,3,3,0,1,1,3,3,1,0,4,2,3,0,2,4,4,3,4,2,2,4,0,0,2,1,1,2,1,3,0,4,3,3,3,4,4,3,4,0,3,3,4,2,0,0,0,3,4,4,2,3,3,4,0,1,0,2,4,0,1,1,3,0,1,3,4,4,0,3,4,4,3,3,3,2,4,2,4,1,1,0,1,3,0,1,4,3,3,3,3,2,4,1,3,0,1,4,2
Perferendis consequatur sit accusantium voluptatem aut.,1,1,1,1,3,0,2,0,1,1,2,2,4,1,2,3,3,4,2,0,2,3,4,0,4,1,2,0,2,1,1,0,2,3,0,1,1,1,2,0,3,2,4,1,0,4,1,1,3,4,3,4,0,4,3,1,0,3,2,0,3,3,4,1,4,0,2,1,2,1,2,3,0,4,1,2,4,2,4,0,1,4,4,4,3,2,3,3,2,2,2,0,4,3,4,2,4,3,4,3
Sit perferendis consequatur accusantium voluptatem aut.,1,3,2,0,3,4,4,3,3,2,2,0,3,3,4,3,3,4,4,2,3,2,1,3,4,4,1,3,0,2,1,1,1,4,2,1,4,4,4,2,2,4,2,2,4,2,1,3,1,3,4,1,4,1,2,4,3,3,3,2,0,0,4,3,1,3,4,4,1,4,4,3,3,4,3,2,4,4,1,2,2,1,2,3,1,1,1,2,4,4,1,1,3,1,4,0,0,2,2,0
Perferendis voluptatem sit aut accusantium consequatur.,2,3,0,2,0,3,2,1,2,0,1,2,4,3,2,0,3,3,3,4,2,4,0,2,2,0,1,0,1,0,2,0,0,3,0,3,0,4,2,3,3,2,0,4,1,1,2,2,1,2,3,4,0,4,0,4,1,2,4,3,4,2,4,4,2,1,3,4,3,4,1,0,2,2,2,2,4,0,0,3,3,4,4,3,2,2,3,0,0,2,4,3,2,4,1,0,1,1,2,4
Consequatur voluptatem accusantium perferendis sit aut.,1,2,4,0,2,4,1,4,3,2,2,3,0,1,3,3,4,2,2,4,4,0,2,2,2,3,2,0,2,1,4,0,4,2,1,3,3,4,1,2,3,2,4,0,0,2,3,3,4,4,1,0,1,0,3,0,3,4,3,1,2,0,1,3,1,2,1,3,3,3,3,0,2,4,1,3,1,0,1,0,2,2,0,2,3,3,2,1,4,3,4,4,3,4,1,4,2,0,0,0
Perferendis sit aut voluptatem consequatur accusantium.,3,4,0,4,0,4,4,2,2,4,3,3,4,3,3,3,4,4,4,3,3,4,4,1,3,0,2,1,1,3,2,4,2,3,3,2,4,4,2,2,3,4,2,3,0,1,3,0,0,1,4,3,1,3,1,2,4,2,0,3,3,0,3,1,0,0,3,1,3,1,4,3,2,2,0,0,0,4,0,2,0,0,1,0,1,0,4,0,0,0,2,1,4,0,0,0,3,2,0,0
Accusantium consequatur aut sit voluptatem perferendis.,2,4,3,1,2,4,0,1,2,3,3,2,4,1,0,3,0,1,1,1,0,3,2,2,3,4,4,4,1,2,2,0,0,2,0,4,2,3,3,3,3,3,4,1,0,0,1,0,0,4,4,3,1,4,1,0,2,3,2,1,1,1,3,1,0,2,4,4,1,4,0,2,0,1,2,0,1,1,0,0,3,4,1,4,2,3,3,1,1,2,0,2,0,1,2,0,2,1,3,4
Perferendis consequatur sit aut voluptatem accusantium.,0,3,4,4,2,1,0,4,4,4,1,0,3,0,3,0,3,3,2,3,4,4,4,2,0,0,2,3,1,3,4,0,2,4,2,3,2,3,0,3,2,3,1,1,4,4,0,2,3,0,2,4,4,0,4,4,4,4,0,3,1,3,2,0,0,0,0,4,3,3,2,0,3,1,2,0,0,3,0,2,3,1,3,4,3,3,3,4,4,4,3,0,3,2,3,3,0,3,0,1
Voluptatem aut consequatur perferendis accusantium sit.,4,1,1,3,3,4,1,1,2,2,0,1,4,2,3,2,3,2,2,2,0,4,1,2,2,2,3,4,1,3,3,4,3,2,3,4,0,4,4,0,0,2,3,3,0,1,2,4,2,4,3,2,1,1,4,3,4,3,2,0,4,4,1,3,1,3,0,3,2,0,2,3,4,1,3,4,1,3,0,4,1,1,1,2,2,1,4,0,2,0,1,4,3,4,3,1,2,0,2,4
Sit voluptatem accusantium consequatur perferendis aut.,0,2,0,0,4,0,4,2,2,2,3,3,4,3,4,3,1,4,3,3,3,3,2,0,3,0,0,0,4,0,0,4,2,2,3,1,3,3,2,2,0,4,3,2,2,3,0,2,3,1,2,1,2,3,2,4,1,3,2,1,1,3,1,2,4,4,4,1,4,2,2,1,2,0,0,2,0,3,1,4,2,4,3,2,0,0,1,3,2,3,3,4,2,0,2,4,0,0,1,0
Aut voluptatem perferendis consequatur accusantium sit.,2,4,0,2,1,2,4,1,3,2,0,4,3,3,3,2,4,1,3,0,4,4,1,4,2,2,2,0,1,1,3,2,3,3,1,4,1,4,1,1,1,1,2,0,2,4,1,0,3,2,0,2,1,1,0,3,3,2,3,1,4,3,1,1,4,2,0,2,1,2,2,2,1,1,4,1,3,3,1,1,0,4,2,1,4,2,3,2,4,3,2,2,3,3,3,1,3,4,1,3
Sit aut voluptatem accusantium perferendis consequatur.,4,2,3,2,2,3,0,2,0,3,4,4,1,0,4,3,0,3,2,1,2,0,4,2,1,3,2,3,0,0,4,2,1,2,0,3,2,0,4,4,1,2,2,2,3,3,0,3,1,0,1,0,0,1,1,3,0,2,1,0,1,4,2,1,4,1,3,3,1,1,1,4,0,1,4,1,2,4,3,1,2,3,0,0,0,4,2,4,4,0,2,1,3,0,1,2,0,3,3,0
Voluptatem consequatur sit perferendis aut accusantium.,1,2,2,1,1,4,3,0,1,1,0,4,3,0,0,3,1,0,3,1,4,1,2,3,3,0,0,0,0,0,1,3,2,2,3,4,2,4,1,1,3,0,1,0,2,1,4,1,0,2,2,4,1,1,0,3,4,2,0,3,3,0,3,2,4,4,2,3,2,0,1,2,3,2,1,1,2,4,4,2,0,2,0,1,3,0,0,4,1,3,3,3,1,0,0,2,1,3,2,4
Perferendis accusantium consequatur sit voluptatem aut.,1,3,3,1,4,2,0,1,0,0,4,3,2,3,3,4,1,0,2,1,3,3,0,4,3,4,1,2,4,2,4,4,4,4,1,0,1,1,2,0,1,3,1,4,2,1,1,3,1,0,0,1,1,2,1,0,4,1,2,4,4,0,4,1,3,3,3,1,1,1,0,1,3,1,3,3,3,4,1,1,0,3,3,2,4,4,0,0,0,3,2,0,4,3,1,4,3,1,4,1
Perferendis accusantium consequatur voluptatem sit aut.,2,0,4,0,0,4,4,2,4,0,4,2,0,2,0,4,4,3,0,1,0,1,2,0,0,4,1,4,4,2,2,3,4,1,1,4,1,3,3,1,1,2,3,2,4,4,1,0,3,2,4,1,0,0,2,4,0,3,3,3,3,1,0,3,1,2,1,0,1,2,2,0,0,3,0,2,1,4,3,4,4,1,3,3,2,3,0,4,4,4,0,2,2,1,1,2,3,0,2,3
Voluptatem sit aut accusantium consequatur perferendis.,0,3,2,1,0,4,3,1,2,0,4,1,2,3,0,4,0,0,2,3,4,2,1,0,3,1,4,0,3,1,4,4,0,1,1,3,3,0,4,1,2,1,2,2,1,3,1,1,3,2,4,4,0,2,0,0,4,0,2,0,2,0,4,2,1,0,3,4,3,2,2,2,0,2,1,3,3,4,1,3,2,3,0,2,4,4,3,2,0,0,0,4,3,0,1,4,4,1,0,4
Consequatur perferendis accusantium aut sit voluptatem.,2,2,3,0,1,1,4,4,4,2,3,1,2,1,2,1,4,4,1,1,4,2,2,2,0,1,0,3,4,2,0,1,4,1,1,3,4,4,1,2,2,2,1,4,3,1,3,0,2,0,0,3,1,3,4,3,4,0,2,2,2,2,4,3,0,0,2,0,3,2,0,3,0,0,3,2,2,2,3,0,0,1,4,3,3,2,4,3,1,4,2,1,4,0,3,4,0,4,3,4
Sit aut accusantium voluptatem consequatur perferendis.,2,3,3,1,3,3,4,2,3,2,2,0,2,4,1,4,0,0,1,0,2,0,2,4,4,2,1,2,4,0,0,2,2,1,1,1,0,3,2,4,0,4,1,4,1,4,4,1,0,4,4,1,3,2,0,0,1,1,1,2,2,2,4,0,1,4,3,4,1,3,3,2,4,0,2,1,2,1,1,1,2,4,1,3,3,3,2,3,2,0,3,2,0,1,3,1,0,2,3,0
Accusantium consequatur voluptatem perferendis aut sit.,3,1,1,0,2,4,3,4,2,1,1,3,1,1,4,0,3,3,4,4,4,4,0,0,2,0,4,1,1,4,1,0,2,2,0,0,3,4,3,0,3,1,2,2,3,2,4,2,3,2,0,3,0,3,4,2,0,3,4,4,3,2,0,0,2,4,1,2,0,0,1,0,1,1,2,1,2,0,3,0,3,3,1,0,2,4,3,0,4,4,3,1,2,0,1,3,0,3,4,1
Accusantium aut perferendis consequatur sit voluptatem.,0,2,2,3,4,1,2,4,2,2,0,2,0,3,0,3,4,0,2,3,0,3,2,4,1,3,1,3,1,0,2,2,3,1,4,4,2,4,1,2,1,2,2,2,2,3,0,4,1,1,4,0,3,2,0,1,3,1,0,2,1,4,0,4,3,4,0,0,0,2,2,2,3,1,4,2,2,0,2,0,4,2,0,1,0,3,0,1,2,1,2,1,4,0,1,4,3,4,0,3
Aut voluptatem sit perferendis consequatur accusantium.,0,0,1,1,3,1,4,0,1,2,0,3,4,1,1,2,2,3,4,0,1,1,1,1,1,0,4,3,3,0,3,1,1,4,1,4,4,4,0,3,1,4,4,2,2,2,2,1,1,3,0,1,2,0,1,2,3,4,4,2,3,2,4,3,1,4,0,2,4,1,1,2,0,4,2,0,0,0,2,3,4,2,0,0,0,1,2,0,4,4,4,2,3,1,0,4,2,4,0,3
Voluptatem sit accusantium perferendis consequatur aut.,4,0,1,1,2,4,3,2,3,2,1,4,2,2,0,1,2,4,4,3,0,3,1,0,0,0,4,3,4,3,4,0,1,0,3,4,1,3,3,1,0,4,4,4,2,3,0,0,0,2,2,1,0,0,0,4,3,1,4,0,3,4,0,3,2,0,2,0,4,0,0,3,4,4,2,1,3,2,1,3,2,0,2,0,2,3,1,0,1,2,2,1,3,4,0,2,4,1,4,0
Perferendis accusantium sit voluptatem consequatur aut.,1,0,0,2,0,4,3,3,3,1,2,3,3,3,4,4,4,1,1,3,3,1,2,1,2,1,1,4,0,3,3,1,4,4,0,2,4,0,1,2,3,3,1,2,1,1,4,2,4,0,4,1,2,4,4,0,2,3,4,3,2,4,0,2,1,3,4,3,2,0,4,0,4,2,3,0,4,3,2,0,0,1,4,3,2,3,4,2,4,1,1,0,2,2,1,4,0,1,2,0
Perferendis consequatur sit voluptatem accusantium aut.,1,2,4,4,3,0,1,4,4,0,0,0,4,2,2,3,4,0,3,2,2,2,2,3,1,3,1,1,2,0,4,0,0,2,4,1,0,3,1,4,3,0,4,2,0,2,4,0,4,3,2,0,0,1,4,1,1,1,2,0,2,2,1,0,1,0,4,0,4,3,1,2,4,3,0,0,0,3,4,4,3,1,4,0,2,4,3,2,2,1,3,4,1,4,3,1,3,4,3,0
Consequatur accusantium perferendis sit aut voluptatem.,0,3,1,2,3,2,0,3,1,0,1,3,3,3,0,3,2,4,3,3,3,4,2,3,0,4,2,2,0,0,4,1,3,4,3,4,4,0,2,0,0,2,0,0,3,3,1,2,4,2,2,4,1,1,3,1,3,2,1,4,3,0,0,4,2,4,0,4,2,1,3,2,4,2,4,2,2,1,4,4,2,2,0,4,3,4,0,3,3,0,4,4,3,3,1,4,1,0,3,4
Perferendis consequatur aut accusantium voluptatem sit.,1,3,2,1,2,0,1,2,2,3,1,3,4,1,3,0,2,3,4,1,2,0,4,1,1,4,3,0,3,1,2,2,3,3,3,4,4,3,0,3,2,3,1,1,0,1,1,0,3,4,0,4,3,1,3,3,1,4,1,3,2,4,0,2,3,3,0,3,1,2,2,2,4,4,4,2,2,1,0,1,2,1,2,4,3,1,3,1,0,2,1,1,3,3,4,2,1,4,4,2
